random_id,participant_id,n
p0ant7uvweh,badger,190
p1902plwm5c,lemur,190
p1nza6kw2n4,wallaby,208
p205y44hp57,hamster,178
p23bqe4o3je,bear,186
p4yy4pbz600,lamb,204
p595fmabbjw,chipmunk,172
p64hsrmtav2,lion,190
p6x6e2499g6,jaguar,172
p7ce2j1ztal,sloth,174
p7jua8u9dap,otter,186
p7u3z0933og,seal,192
p7wf3oqp1sk,deer,178
p88u8j4kmwk,giraffe,178
p9pe5p6965s,wombat,190
pb6a0l9hdzp,fawn,180
pbchetoqo77,duck,168
pbw7hasqsls,wolf,172
pdg7dqscz04,alpaca,222
pe8ad28kjsh,camel,186
pjvlzenl3v4,tiger,184
pk9jezycqsj,tortoise,194
pkawvddjjjp,cheetah,178
pkhfs51f49x,turtle,174
pkv6dmb4hyc,cub,190
pl9h32v3f9s,goat,190
plt3fbnscud,panda,184
pmer4d7zdtk,zebra,186
pmnr61aer86,raccoon,174
pmwedmrrl6u,goldfish,188
podxxu4bs93,frog,174
pp6shfq8jw6,lynx,176
pps498ozfqy,ladybug,178
ppuffq52r3u,dolphin,190
pqcsxocbsuq,calf,176
pqs8k9pptmv,goose,174
pr3hx21dl67,parrot,176
pr5ej2cvmxk,meerkat,174
prte9vk7xpm,koala,178
prutwvvcz18,owl,204
prz5p18pff9,pony,194
ps5xzg7dy1u,squirrel,174
psf9xpxsuye,beaver,176
ptx5y7g8e89,swan,170
pvfdp4mgn6d,gecko,184
pvn8qk7yxpo,crow,184
pw1k6a14zsv,rabbit,184
pwoevw6oxs6,whale,222
px0777n1f09,test1,218
pyxr99repzg,penguin,186
pz05z9hy62u,test1000000,244
pzn2mcrgkvf,butterfly,176
